album_id,album_name
AL1,Comedy
AL2,Ghost (Acoustic)
AL3,To Begin Again
AL4,Crazy Rich Asians (Original Motion Picture Soundtrack)
AL5,Hold On
AL6,Days I Will Remember
AL7,Is There Anybody Out There?
AL8,We Sing. We Dance. We Steal Things.
AL9,Hunger
AL10,Episode
AL11,Love Is a Four Letter Word
AL12,Solo
AL13,Bad Liar
AL14,Hold On (Remix)
AL15,The Boy Who Never
AL16,ily (i love you baby)
AL17,At My Worst
AL18,"Cover Sessions, Vol. 4"
AL19,"Cover Sessions, Vol. 3"
AL20,Is There Anybody Out There? - Track by Track Commentary
AL21,Coffee Moment
AL22,Human - Best Adult Pop Tunes
AL23,Mellow Adult Pop
AL24,Holly Jolly Christmas
AL25,Feeling Good - Adult Pop Favorites
AL26,Christmas Time
AL27,Perfect Christmas Hits
AL28,Merry Christmas
AL29,Christmas Music - Holiday Hits
AL30,Christmas Country Songs 2022
AL31,Mellow Bars R'n'B
AL32,Chill Christmas Dinner
AL33,rainy day indie
AL34,sadsadchristmas
AL35,Mega Hits Autumn/Fall 2022
AL36,Country Car Hits
AL37,Country Road Songs
AL38,Finest Country
AL39,Easy Country
AL40,Cozy Country
AL41,Good Times Country
AL42,Laidback Country
AL43,Chillin' It - Mellow Day Country
AL44,Trampoline (Acoustic)
AL45,Documentary
AL46,Black Bear
AL47,The Bedroom Demos
AL48,So Far Away (Acoustic)
AL49,Build It Better
AL50,Sleepwalking in the Rain
AL51,Little Voice
AL52,What's Left of You
AL53,Pano
AL54,The Daylight EP
AL55,Montage Of Heck: The Home Recordings
AL56,Covers
AL57,Midnight Waves
AL58,Making All Things New
AL59,What's Inside: Songs from Waitress
AL60,In My Veins (Feat. Erin Mccarley)
AL61,Under Covers
AL62,Whatever It Takes
AL63,America Town
AL64,Dive Deep
AL65,You're Still The One
AL66,It Doesn't Have To Make Sense
AL67,When the Morning Comes
AL68,"Eat, Pray, Love"
AL69,Good Light
AL70,Know.
AL71,Break Up Songs
AL72,Into The Wild (Music For The Motion Picture)
AL73,u don't deserve me
AL74,The Blessed Unrest
AL75,Slow Christmas Songs 2022
AL76,Lonely Christmas 2022
AL77,Bookmarks
AL78,Alternative Christmas 2022
AL79,Acoustic Christmas Campfire
AL80,Del gusto de mamá
AL81,OO's Music Grandi Successi
AL82,言ノ葉
AL83,Somebody Else (Acoustic)
AL84,Black Bear (Hushed)
AL85,Stand by Me
AL86,Dear Happy
AL87,chouchou
AL88,You’re Beautiful (Acoustic)
AL89,Hikare Inochi
AL90,Songs From Nashville
AL91,"Cover Sessions, Vol. 6"
AL92,Dive Deep (Hushed)
AL93,When the Party's over (Acoustic Piano)
AL94,All The Stars and Boulevards
AL95,Living in the Shadows
AL96,death bed (coffee for your head)
AL97,You Are My Sunshine
AL98,I Won't Give Up
AL99,I Was Born To Love You
AL100,Life Sucks Playlist
AL101,Hurricane Glass
AL102,Where The Mountain Meets The Valley
AL103,Holding On And Letting Go - Single
AL104,You Already Know
AL105,Believer (Remix)
AL106,Stop All the World Now (Special Edition)
AL107,Magic
AL108,Some Mad Hope
AL109,Something In the Rain (Music from the Original TV Series)
AL110,The Way It Was
AL111,Wide Awake
AL112,Waiting for My Rocket to Come (Expanded Edition)
AL113,English Rain
AL114,Eye To The Telescope
AL115,I Dream of You: CALM
AL116,Here with Me
AL117,"Tyler Ward Covers, Vol. 5"
AL118,Stop All The World Now
AL119,get better
AL120,Let It Go
AL121,What You Need
AL122,The Battle for Everything
AL123,Nightshade
AL124,"One Spring Night (Original Television Soundtrack), Pt. 1"
AL125,Under Control
AL126,As It Was
AL127,I'm Yours
AL128,Chi Mai
AL129,Say Something
AL130,Parachute
AL131,Take Me Back
AL132,Whole Again (Acoustic Version)
AL133,Overpass Graffiti
AL134,Let Her Go
AL135,Still Life
AL136,Love Story
AL137,Mujer con Abanico
AL138,In the Shadows
AL139,Can You Feel the Love Tonight
AL140,The Story
AL141,Better
AL142,Iris
AL143,#Acoustic
AL144,I Need You More Today
AL145,When Marnie Was There Song Album - Just Know That I Love You.
AL146,Tree House Tapes
AL147,I Believe in You
AL148,Cult Classic
AL149,"Hard Settle, Ain't Troubled"
AL150,Holding On and Letting Go LP
AL151,In Deepest Blue (Bonus Track Version)
AL152,Hanggang Kailan (Umuwi Ka Na Baby)
AL153,No More Doubt
AL154,Say I Am You
AL155,Thanksgiving Party
AL156,Supa Chill
AL157,Un tecito y a mimir
AL158,青の光景
AL159,Since U Been Gone
AL160,"One more time,One more chance"
AL161,Creep
AL162,Higher Love
AL163,Shinsekai
AL164,How Long Will I Love You
AL165,Binibini
AL166,You Were Supposed to Be Different
AL167,Barton Hollow
AL168,Be OK
AL169,Give Me Your Forever
AL170,Coffee Shop
AL171,Wreck of the Day
AL172,Beautiful Soul
AL173,Bulletproof
AL174,Girls Like You (Acoustic Version)
AL175,Nangangamba
AL176,Better Together
AL177,Heartbreak Anniversary
AL178,One More Time Around
AL179,流星花園音樂專輯
AL180,The Other Way
AL181,Till The Sun Turns Black
AL182,"See You Again, Love Me Like You Do, Sugar (Acoustic Mashup)"
AL183,Refuge
AL184,Hand to Hold
AL185,Trouble
AL186,Public Record
AL187,"Cover Sessions, Vol. 2"
AL188,Medicine
AL189,Part Of The Light
AL190,Amos Lee
AL191,Show Me the Blueprints.
AL192,Anchor
AL193,Christmas Faves 2022
AL194,Tall Cans & Loose Ends
AL195,pov: you have a holly jolly christmas
AL196,pov: you rock around the christmas tree
AL197,If I Ain't Got You (Acoustic)
AL198,Believe (Acoustic)
AL199,Iris (Acoustic)
AL200,Cheek to Cheek~I Love Cinemas~
AL201,Baby (Acoustic Version)
AL202,Land
AL203,I Like Me Better
AL204,Asan Ka Na Ba
AL205,drivers license
AL206,YES!
AL207,The Winner Takes It All (Acoustic)
AL208,Only Time
AL209,One Cell In The Sea
AL210,Dance Monkey
AL211,Dream a Little Dream of Me
AL212,Back For Good
AL213,OK
AL214,Just The Two Of Us
AL215,Arcade
AL216,Yellow
AL217,Wake Me Up
AL218,Walking Blind (feat. Carina Round)
AL219,Headphones
AL220,Teenage Dream
AL221,The Worth Of The Wait
AL222,Can't Help Falling In Love (Piano Version)
AL223,Austin Plaine
AL224,Love You To Death
AL225,Someone You Loved (Acoustic)
AL226,What a Wonderful World
AL227,You Broke Me First
AL228,Echos
AL229,Losing Sleep
AL230,The Meaning
AL231,Twelve: Fifty One (International Version)
AL232,リョウメンシダ/サンサーラ
AL233,1000 Years
AL234,Brand New
AL235,Guitar Instrumental Covers
AL236,Front Porch
AL237,Rogue Taxidermy
AL238,Cruising
AL239,Isn't She Lovely (Acoustic)
AL240,"One Spring Night (Original Television Soundtrack), Pt. 4"
AL241,Fix You (Acoustic)
AL242,I'm Yours (Acoustic)
AL243,A Sky Full of Stars
AL244,I Don't Believe in Satan
AL245,Let There Be Morning (Bonus Track Version)
AL246,he said. she said.
AL247,Watermelon Sugar (Acoustic)
AL248,Say You Won't Let Go (Acoustic)
AL249,Call You Mine (Acoustic Piano)
AL250,In the Waiting
AL251,Three Flights From Alto Nido
AL252,Love Nwantiti
AL253,Stars Are on Your Side
AL254,Constellation Me
AL255,"Cover Sessions, Vol. 5"
AL256,KISSして
AL257,Binibini (Last Day On Earth)
AL258,Kosher
AL259,To Record Only Water For Ten Days (U.S. Version)
AL260,Hold On (Acoustic)
AL261,The Civil Wars
AL262,Good night
AL263,As You Are
AL264,#Covers
AL265,The Lotto
AL266,Rodrigo Y Gabriela
AL267,The Ladder
AL268,A Good Day
AL269,"Big Love, Small Moments"
AL270,I Never Loved Before I Found You
AL271,It's My Life
AL272,Pure Fiction
AL273,So Much More (Special Edition)
AL274,Songs from the Lowdown
AL275,Bridge City Sinners
AL276,Tape Deck Heart (Deluxe Edition)
AL277,Christmas Vibes But Not Christmas Songs
AL278,Mirrors (Acoustic)
AL279,10 Futures
AL280,Stay - Acoustic
AL281,マホロボシヤ
AL282,Oh What A Love
AL283,The Bright Side
AL284,I Won't Let You Down
AL285,Look For The Good
AL286,Stargazing
AL287,"One Spring Night (Original Television Soundtrack), Pt. 3"
AL288,Slow Down Time
AL289,Simply Acoustic
AL290,"Love, Love, Love"
AL291,Heat Waves (Acoustic)
AL292,ショッピング
AL293,If the World Was Ending (Acoustic)
AL294,残響
AL295,Acoustic Versions
AL296,Don't Wanna Leave You
AL297,Passenger Seat
AL298,Best Days
AL299,Phantom
AL300,Bluebird
AL301,Back to Home
AL302,SING A SONG
AL303,It'll Be Alright
AL304,Everybody
AL305,Kabilugan Ng Buwan
AL306,HELLO
AL307,だれそかれそ
AL308,August: Osage County (Original Motion Picture Soundtrack)
AL309,音タイム
AL310,IT'S ONLY LOVE
AL311,虹/ひまわり/それがすべてさ
AL312,Burn It All!
AL313,Onward (Original Motion Picture Soundtrack)
AL314,This Is Not for Children
AL315,No Man's Land
AL316,Dancing with the Curse
AL317,Heaven (Acoustic)
AL318,Days Gone (Original Soundtrack)
AL319,Asleep Among Endives
AL320,Symphony
AL321,Save Your Tears (Acoustic)
AL322,POP VIRUS
AL323,A.M.
AL324,Autumn Breeze
AL325,Save Your Tears
AL326,You're Still The One (Acoustic)
AL327,Somebody Loved
AL328,Bohemian Rhapsody (Acoustic)
AL329,As It Was (Acoustic)
AL330,Wish List
AL331,Beautiful Disaster
AL332,Fake a smile
AL333,Momentary Sixth Sense
AL334,Irony
AL335,Bullet Train (Original Motion Picture Soundtrack)
AL336,No Matter Where You Are
AL337,The Walking in Between
AL338,Zee Avi's Nightlight
AL339,"Here, Right Now"
AL340,Wonderful Tonight
AL341,Twenty Something
AL342,Calling
AL343,Acoustic Duets
AL344,Particles
AL345,Shadows Collide With People
AL346,Daylight
AL347,Have Yourself a Merry Little Christmas
AL348,Message/今 このひとときが 遠い夢のように
AL349,"Acoustic Hits, Vol. 3"
AL350,#Acoustic #2
AL351,Folksinger
AL352,A Sphere in the Heart of Silence
AL353,West Coast vs. Wessex
AL354,Gossip In The Grain
AL355,Bacchanal 'N' Philadelphia
AL356,Crustfall
AL357,Unholy Hymns
AL358,Graveyard
AL359,amuletum bouquet
AL360,Highlights from Aoi Works II
AL361,Paradise
AL362,American Wedding
AL363,Oil & Water
AL364,2U (Acoustic Version)
AL365,Elephants...Teeth Sinking Into Heart (Standard Version)
AL366,I'll Say I Do
AL367,Anyone
AL368,In The Mood For Love
AL369,Heat Waves
AL370,There She Goes
AL371,Wells
AL372,God Only Knows
AL373,Afterglow
AL374,Montage Of Heck: The Home Recordings (Deluxe Soundtrack)
AL375,Just Love
AL376,オアシス
AL377,Never Be the Same
AL378,You and Me for Now
AL379,Us
AL380,Without a Light
AL381,Eastmountainsouth
AL382,A Face Like Mine
AL383,Bossa Best
AL384,Moanin' In The Moonlight
AL385,Feels Like Rain
AL386,The Best of Mance Lipscomb
AL387,Violent Femmes
AL388,The Oogle Deathmachine
AL389,Paano Ang Simbang Gabi (Kung 'Di Ka Katabi)
AL390,Have a Great Life.
AL391,The Joy of Music
AL392,FTHC (Deluxe)
AL393,In These Silent Days
AL394,A Thousand Years (Acoustic)
AL395,2 Oceans
AL396,Golden Hour
AL397,Without Me
AL398,You & Me (The Wildfire)
AL399,Dancing With A Stranger
AL400,Pero
AL401,Good 4 U (Acoustic)
AL402,Here With Me (Acoustic)
AL403,Habang Buhay
AL404,More Than Gravity
AL405,Fade into You
AL406,東京にもあったんだ / 無敵のキミ
AL407,5年モノ
AL408,21 Guns
AL409,Running Up That Hill (A Deal With God) [Acoustic]
AL410,Build Me Up Buttercup
AL411,The Ghost and the Wall
AL412,vs.2013 ~知覚と快楽の螺旋~
AL413,Ysabelle
AL414,Waiting for My Rocket to Come
AL415,Hanap-Hanap
AL416,The Will To Death
AL417,Boulevard of Broken Dreams (Acoustic)
AL418,The Living Room Sessions Vol. 3
AL419,Finch
AL420,More Real Folk Blues
AL421,Acoustic Love
AL422,Saktong Akustik
AL423,This Little Light of Mine
AL424,GOOD LUCK TRACK
AL425,Christmas Island
AL426,Chill Out Covers - Chillout Covers - Chill Acoustic - Relaxing Songs - Calming Acoustic Songs
AL427,Bear Creek
AL428,Treehouse
AL429,Peaches (Acoustic)
AL430,You
AL431,Kris Allen
AL432,Somebody That I Used To Know
AL433,Lost Without You
AL434,HOME
AL435,you broke me first
AL436,Game of Thrones
AL437,CRAZYTALK
AL438,Back To You
AL439,何度でも花が咲くように私を生きよう
AL440,Before You Go
AL441,Young Love
AL442,We Were Here
AL443,SUPERMARKET
AL444,Missing Peace
AL445,聖域
AL446,Spotify Singles
AL447,Anime Songs #3
AL448,I Can't Make You Love Me
AL449,Cedar + Gold
AL450,Ash & Stone
AL451,COVER ALL HO!
AL452,想 -new love new world-
AL453,Last Christmas
AL454,Chapter Of The Forest
AL455,Ate Sandali
AL456,Hideaway
AL457,Sounds Like This
AL458,This City Isn't Big Enough
AL459,In Love With Bacharach
AL460,Ghost - Acoustic
AL461,4am
AL462,"10,000 Hours (Acoustic)"
AL463,No Air
AL464,Self Help
AL465,Blackbird Song
AL466,Easy On Me - Acoustic
AL467,Chasing Cars (Acoustic)
AL468,Can't Take My Eyes Off of You
AL469,Acoustic Sessions
AL470,Lot To Learn
AL471,Apologize
AL472,Ice Pickin'
AL473,Shotgun
AL474,HEY!
AL475,Have It All
AL476,Indiana
AL477,Kaleidoscope Heart
AL478,Remain
AL479,Tama Na
AL480,"Guitar Covers, Vol. 2"
AL481,陽水II センチメンタル (Remastered 2018)
AL482,Zee Avi
AL483,I Want to Know What Love Is (Acoustic)
AL484,日々のあわ
AL485,Ordinary Days
AL486,Neighbor
AL487,PEACE OUT
AL488,"By The Way, I Forgive You"
AL489,One Week Record
AL490,The Blueprint Sessions
AL491,Born Under A Bad Sign (Mono)
AL492,"If We Go Down, We Will Go Together!"
AL493,Chad Hates George
AL494,Positive Songs For Negative People
AL495,0
AL496,Careless Whisper
AL497,Look After You
AL498,"Golden Covers, Vol. 2"
AL499,When the Party's Over
AL500,Sound The Alarm
AL501,Photograph
AL502,Not Nearly Dark
AL503,Let's Stay Young
AL504,AKIRA
AL505,The Drifter and the Gypsy
AL506,I Wanna Be Your Ghost (feat. Ghosts)
AL507,約束の丘
AL508,Stranger Songs
AL509,Easy on Me
AL510,Ukulele Songs
AL511,Closer
AL512,One Last Breath
AL513,Classical Guitar Lullabies Volume 1
AL514,Lights Out
AL515,Jungle Blues
AL516,milk tea/美しき花
AL517,世界中の誰よりきっと
AL518,Georgica Pond
AL519,Coming Home: A Collection of Songs
AL520,Getting Ready... (World)
AL521,England Keep My Bones (Deluxe Edition)
AL522,Carencro
AL523,Pinocchio Pariah
AL524,Country Holiday
AL525,Happy Country Christmas
AL526,Over You (Deluxe Edition)
AL527,THATS WHAT I WANT (Acoustic)
AL528,Dynamite (Acoustic)
AL529,Hallelujah
AL530,Lovers & Fighters
AL531,ダブルドライブ
AL532,Matinée
AL533,Guitar Covers
AL534,深呼吸
AL535,MONOVISION
AL536,Heard that there's good pasta
AL537,"The ""Hits"" | Acoustic"
AL538,River Love
AL539,Acustic Covers of Popular Songs
AL540,Amidst the Chaos (Bonus Version)
AL541,Between The Bars (EP)
AL542,"Plays the Blues for You (feat. Lucky Peterson, Titus Williams, Ray ""Killer"" Allison) [Blues Power]"
AL543,"Cover Songs, #1"
AL544,youth
AL545,Serious
AL546,ROUTE to ROOTS
AL547,Curtains
AL548,Olly Olly
AL549,Regicide
AL550,Whole Again
AL551,Love Love Love
AL552,One Last Big Job
AL553,IX
AL554,The Best Of
AL555,Live the Dream
AL556,7 Inches of Hell
AL557,青春のエキサイトメント
AL558,FUSHIGI
AL559,Bad News Is Coming
AL560,I Mean Love
AL561,Miss You
AL562,Doraemon
AL563,Landslide
AL564,I'd Rather Be With You
AL565,Leave The Door Open (Acoustic)
AL566,Blue Bike
AL567,Use Somebody (Acoustic)
AL568,What About Us (Acoustic)
AL569,Ball n' Chain
AL570,Turn To Stone
AL571,Drawn by the Wind (Arr. for Guitar)
AL572,Animal Evolve
AL573,Memories (Acoustic)
AL574,A Matter of Time
AL575,Simple
AL576,Now That's What I Call Music 2012-13
AL577,Suitcase
AL578,Covers - Chill Covers Of Popular Songs
AL579,あの歌-2-
AL580,Without People
AL581,The Weakness In Me
AL582,Honey
AL583,A Million Miles Away
AL584,The Inevitable Train Wreck
AL585,Diamonds
AL586,Good People
AL587,Only God Can Judge Me and More
AL588,We Can Do Anything
AL589,The Great Depression
AL590,Songs We Recorded for Splits
AL591,The Gathering
AL592,YELLOW DANCER
AL593,Sweet but Psycho
AL594,I'm the One (Acoustic)
AL595,Horizons
AL596,黄金の月
AL597,It Would Be You
AL598,As It Was (Acoustic Instrumental)
AL599,Sweet Child O' Mine (Acoustic)
AL600,Beyond The Sea
AL601,Have I Told You Lately That I Love You (Acoustic)
AL602,The Soul
AL603,さくら (二〇一九)
AL604,Homeland
AL605,Covers & Co-writes
AL606,Covers EP
AL607,BREAK MY SILENCE
AL608,Sugar and Spite
AL609,What If We Rewrite The Stars
AL610,A Million Dreams (Acoustic)
AL611,Falling into your eyes Record
AL612,Paperweight by Joshua Radin and Schuyler Fisk
AL613,Meant to Be
AL614,Paasa
AL615,Up Until Now
AL616,あいのわ
AL617,"Mush Acoustic Love Hits, Vol. 4"
AL618,The Essential Little Walter
AL619,Catch Me If You Can
AL620,Leavetaking
AL621,"Don't Think Twice, It's All Right (Acoustic)"
AL622,Ward Off the Vultures
AL623,Straight to the Bottom: Back to the Bottom
AL624,The Bible 2
AL625,The Second Three Years
AL626,"What We Want, What We Get"
AL627,Pipe Dream
AL628,Bad News
AL629,All Too Well (Jake's Version)
AL630,Dilemma
AL631,Kiss Me
AL632,Searching for the Same Thing
AL633,All Falls Down
AL634,This Is Love
AL635,I Will Wait
AL636,Always Be My Baby
AL637,Jocelyn Flores (Acoustic Guitar)
AL638,Use Somebody (Acoustic Version)
AL639,As Long as You Love Me
AL640,Lead Balloon
AL641,Party of One (feat. Sam Smith)
AL642,HUMAN
AL643,純風
AL644,Evergreen
AL645,Earthling
AL646,The Howl
AL647,Art of Acoustic: Soft Instrumental Covers & Classical Guitar
AL648,Howlin' Wolf
AL649,Good Luck Everybody
AL650,A Johnnyswim Christmas
AL651,Chill Vibes - Just Chill & Relax - Relaxing Covers Songs - Chill Pop Music Hits - Chill Music - Chill Songs - Chilled - Chill Out Pop - Chillout Music - Best Chill Songs - Acoustic Chill
AL652,100 Greatest Christmas Songs Ever (Top Xmas Pop Hits)
AL653,Night Gaunts / Days N Daze Split
AL654,Enter The Danger Brigade
AL655,At War With The Silverfish
AL656,Feather River Canyon Blues
AL657,Horrorful
AL658,Skin Deep Deluxe Version
AL659,Queer As Folk
AL660,Stuck with U (Acoustic)
AL661,Yakap
AL662,Sunflower
AL663,Hollywood's Bleeding
AL664,Without You
AL665,E
AL666,Devon or Las Vegas
AL667,Moth To A Flame (Acoustic Instrumental)
AL668,Darkness Within
AL669,Ikaw Lamang
AL670,The Space Between Us (Original Motion Picture Soundtrack)
AL671,(I Just) Died In Your Arms [Acoustic]
AL672,Chicago Bound
AL673,化身
AL674,Future Throwback
AL675,Acoustic Lullaby
AL676,Afterglow (Stephan Baulig Remix)
AL677,To the Wind
AL678,When I'm With You
AL679,I've Got A Rock In My Sock
AL680,JOHNNYSWIM
AL681,Study Music - Música Para Estudiar - Study Session - Study Acoustic Music - Study Relaxing Music
AL682,Acoustic
AL683,Split EP
AL684,The Best Of Cannon's Jug Stompers
AL685,Chill Music - Chill Songs - Chill Vibes - Acoustic Chill - Chillout Lounge
AL686,Add It Up (1981-1993)
AL687,S.O.S. 2: Save Our Soul: Soul on a Mission
AL688,Honesty Lives Elsewhere
AL689,Mood (Acoustic)
AL690,Issues
AL691,Pink Sky Moon
AL692,Beautiful Girls
AL693,Something Beautiful
AL694,Right Here Waiting
AL695,Muniesa
AL696,Demo Love
AL697,With or Without You
AL698,深夜高速 -生きててよかったの集い-
AL699,She's The Song (Acoustic)
AL700,生きてることが辛いなら
AL701,LION
AL702,Life's What You Make It
AL703,"Acoustic Guitar Covers, Vol. 3"
AL704,Tenboom
AL705,伝言
AL706,帰ってから、歌いたくなってもいいようにと思ったのだ。
AL707,招待状のないショー
AL708,PLAY
AL709,Spark. Burn. Fade.
AL710,Cried Like A Baby
AL711,Si Te Vas
AL712,To-Do Lists (Color Coded)
AL713,The Shreds
AL714,Miranda
AL715,"Of Peace, Quiet and Monsters"
AL716,Hallowed Ground
AL717,Wretched. Filthy. Ugly.
AL718,The Essential Taj Mahal
AL719,Covering Ground
AL720,Songbook
AL721,Jireh (My Provider)
AL722,Ainda Há Tempo
AL723,Fellini
AL724,Nó na Orelha
AL725,Espiral de Ilusão
AL726,Sobre Viver
AL727,Terapia
AL728,Hola Chicuelos
AL729,ATO 1: Navio Pirata
AL730,Milonga de Ojos Dorados (Alfredo Zitarrosa) [Live on Pardelion Music]
AL731,Criolo E Emicida Ao Vivo (Live)
AL732,OXEAXEEXU
AL733,Duas Cidades
AL734,La Makinita
AL735,Viva Tim Maia
AL736,Madurar
AL737,Convoque Seu Buda
AL738,The Keyboard King at Studio One
AL739,Ahetuk
AL740,The Exciting Sounds of Menahan Street Band
AL741,Etérea
AL742,Cabeça de Papel
AL743,Invisível
AL744,Toma Tu Jabón Kapax
AL745,Fogo (Versão Estendida)
AL746,Mediterráneo
AL747,Futuro Dub
AL748,Forasteiro
AL749,Commercial
AL750,Nenhuma Dor
AL751,Povo Guerreiro
AL752,O Futuro Não Demora
AL753,MetaL MetaL
AL754,O Segundo Sol
AL755,Super Pop Venezuela
AL756,Just Outside Of Town
AL757,Tudo Que Move É Sagrado
AL758,Tasty + B Sides
AL759,Africa Rising Vol.3
AL760,Africa Rising Vol.4
AL761,Afrodance Anthems
AL762,Africa Rising Vol.1
AL763,Best Afrodance Tunes
AL764,Calle 13 (Explicit Version)
AL765,Enter The 37th Chamber
AL766,Ali & Toumani
AL767,Espiral de Ilusão - Deluxe Edition
AL768,Água (Versão Estendida)
AL769,Bailar en la cueva
AL770,Cool Love
AL771,Afrocidade na Pista
AL772,El Paradise
AL773,Los De Atrás Vienen Conmigo
AL774,OQuadro
AL775,"Vox Populi, Vol. 1"
AL776,Alfazema
AL777,Sea
AL778,Romperayo
AL779,Duas de Cinco
AL780,Crashes In Love (1977 Version)
AL781,Amar la trama
AL782,BaianaSystem
AL783,Aquamosh
AL784,Bixiga 70 (2011)
AL785,Metá Metá
AL786,Frontera
AL787,Afropop 2022
AL788,Afrodance 2022
AL789,Volume I
AL790,"Comet Series, Vol. 1 (Crazy Afrobeat)"
AL791,12 segundos de oscuridad
AL792,Africa Rising Vol.2
AL793,Best Afrobeat Tunes
AL794,Afrobeats 2022
AL795,Repeat After Me
AL796,Best Afropop Tunes
AL797,Thank You Lord
AL798,Talking Timbuktu (with Ry Cooder)
AL799,Maldito Carnaval
AL800,Tigrada
AL801,Morbo y Mambo
AL802,Juan Manuel
AL803,There's Music In The Air
AL804,Été jazz
AL805,Transubhiriano Americano
AL806,La Misa Negra
AL807,JAJAJA
AL808,Fuiste un Trozo de Hielo en la Escarcha
AL809,Cara B
AL810,Curiche
AL811,Newen Afrobeat
AL812,Parrilladas Vargas (Vol. II)
AL813,ATO 3: América do Sol
AL814,Llueve
AL815,Freestyle de Ritmos
AL816,El Paradise (Extended)
AL817,The Budos Band II
AL818,Made for Pleasure
AL819,The New Sound of the Venezuelan Gozadera
AL820,Grateful
AL821,Shout to the Lord
AL822,Desire
AL823,"Ethiopiques, Vol. 4: Ethio Jazz 1969-1974"
AL824,The Vibe
AL825,O Caçador e a Flecha
AL826,Vivão
AL827,YOU
AL828,Belongs to You (EDM Remix)
AL829,Vida
AL830,Codo Con Codo
AL831,12 Rounds (feat. Happi)
AL832,GRACE
AL833,A Espetacular Charanga do França
AL834,Echo en Mexico
AL835,Hit the Floor
AL836,Ori
AL837,Ditados Populares Dançantes
AL838,Dame el Mambo
AL839,Abra Sua Cabeça
AL840,Burnt Offering
AL841,Kumama Papa (Tiktok refix version)
AL842,Cymande
AL843,Make the Road By Walking
AL844,It's Only Us
AL845,Segura
AL846,Tomorrow
AL847,Stand up
AL848,SHE
AL849,Vaivén
AL850,QUITAPENAS
AL851,Noches de Morbo Vol. 1
AL852,The Red Hill
AL853,Hijo de Tigre
AL854,The Best of the Black President
AL855,Promised Heights
AL856,Blsd (Deluxe)
AL857,Arepa 3000
AL858,The Killion Floor
AL859,Una cancion me trajo hasta aqui
AL860,Misa de Medianoche
AL861,Sonidos Gold
AL862,Afrorumba Chilenera
AL863,"Satingarona, Vol. 1"
AL864,Feitiço
AL865,Mi Último Fracaso
AL866,Atomic Bomb
AL867,My Groove Your Move (Bonus Version)
AL868,We Are One
AL869,The Deplar Effect
AL870,Volume II
AL871,Saci (Remix)
AL872,Entren Los Que Quieran
AL873,Hard Up (Deluxe Version)
AL874,Maasai (Doctor Flake Remix)
AL875,World Psychedelic Classics 5: Who Is William Onyeabor?
AL876,There's a New Day Coming / Tommy Don't
AL877,Hard Talk
AL878,Manu Dibango Anthology
AL879,Keep Walking
AL880,Na Gafieira
AL881,Chances
AL882,Des Promesses
AL883,Le king m'a validé
AL884,Practice What You Preach
AL885,New York - Addis - London: The Story of Ethio Jazz 1965-1975
AL886,Timoneki
AL887,Muta
AL888,On te l'avait dit
AL889,Adiós Batata (Cerrero Dub Mix)
AL890,The Best of the Tru Thoughts Years
AL891,Ikebe Shakedown
AL892,We Mauve
AL893,Thunder Chicken
AL894,Discern / Define
AL895,"Satingarona, Pt. 2"
AL896,Water No Get Enemy
AL897,Mandrill Is
AL898,Obmjazz (Ao Vivo Na Casa De Francisca)
AL899,Palenque Palenque: Champeta Criolla & Afro Roots in Colombia 1975-91
AL900,Le monde de demain (Bande originale de la série)
AL901,Okay
AL902,The Very Best Of
AL903,Yawa Dey
AL904,The Beast / Road Song
AL905,Wisdom Seeker
AL906,I Do It
AL907,Horizon Unlimited
AL908,In the Heart of the Moon
AL909,Homenage
AL910,Silencio
AL911,Adará
AL912,Happy
AL913,A Nave de Odé
AL914,Influence of Worship
AL915,Composite Truth
AL916,Preto Sem Açúcar
AL917,The Crossing
AL918,"Vox Machina, Vol. 1"
AL919,Gringo
AL920,Nó na Orelha (Instrumental)
AL921,CHURCH GIRLS LOVE R&B
AL922,Sounding Out the City
AL923,Maleducao
AL924,All U Need Is Mosh
AL925,Malik
AL926,Hôtel Costes 2 - La Suite
AL927,Passeando em Mim
AL928,"Muhammed Ali in ""The Greatest"""
AL929,Afrobeats Rap and Jesus
AL930,Batom
AL931,Pirates Choice
AL932,Joy in the Pain
AL933,Fill My Cup
AL934,Authentic
AL935,Mbila (João Selva Remix)
AL936,The Alchemist Manifesto
AL937,Rejoice
AL938,Que Tumba
AL939,Residente o Visitante
AL940,Pernas Voadoras
AL941,Blow My Mind
AL942,Le mariage forcé
AL943,Higher Life
AL944,Smoke
AL945,Inner Fire
AL946,Baile Bucanero
AL947,Collecion De Oro
AL948,Pastiche Nago
AL949,Sus primeras grabaciones 1992-1994 (La luz que sabe robar- Radar)
AL950,Ketan
AL951,Under Burning Skies
AL952,Dusk Till Dawn
AL953,The Budos Band III
AL954,Soul Jazz Records Presents Studio One Story
AL955,52 Weeks of Summer
AL956,Vibes
AL957,Love & Death
AL958,Pa'l Norte (Beauty Brain Remix)
AL959,Eco
AL960,Adult Themes
AL961,Ojah Awake
AL962,15 Years of West Coast Cool
AL963,Nigeria 70 - Lagos Jump
AL964,Sost
AL965,V
AL966,Amoureux
AL967,Brasil Novo
AL968,Never Leave Me
AL969,Afrobeat Makers (Tony Allen Rhythms Revisited)
AL970,Revoar
AL971,Original Joy
AL972,Na Terra das Primaveras
AL973,Tell Somebody Bout Jesus
AL974,Abre-Caminho
AL975,Greasin The Wheels
AL976,Unique's New Testament of Funk (The Definite Collection)
AL977,Otodi
AL978,Joyful Noise
AL979,Al Otro Lado Del Río (342 Amazônia ao Vivo no Circo Voador)
AL980,Star Feminine Band
AL981,This Time
AL982,Mjlm
AL983,Jussara
AL984,The Budos Band EP
AL985,"La belle époque, Vol. 2: 1973-1976"
AL986,Energy (Afropop Gospel Vol 1)
AL987,Fire
AL988,Out On the Faultline
AL989,#10
AL990,Keyboard King at Studio One
AL991,In The Music The Village Never Ends
AL992,Victory
AL993,Version Excursions
AL994,Zombie
AL995,Stone by Stone
AL996,Yeti Season (Deluxe Version)
AL997,Feelin' Funky
AL998,Beats & Culture (BNC002)
AL999,Túmbalo
AL1000,Tranquilidad
AL1001,Aware
AL1002,Kings Left Behind
AL1003,Shall We Salsa
AL1004,Las 100 mejores canciones de amor del Pop Español
AL1005,Aquecimento Caboclo Roxo
AL1006,São Salvador
AL1007,Jack of All Trades
AL1008,"Brownout Presents Brown Sabbath, Vol. II"
AL1009,Inspiration Information 3
AL1010,Outras Cidades
AL1011,Hypertension
AL1012,"Straight from the Decks, Vol. 2 (Guts Finest Selection from His Famous DJ Sets)"
AL1013,"Multi-Viral (feat. Julian Assange, Tom Morello & Kamilya Jubran)"
AL1014,Gold
AL1015,4:ME
AL1016,Many Are Called
AL1017,Tupi Novo Mundo
AL1018,La Negra
AL1019,In Full Bloom
AL1020,Woso
AL1021,Walking in Authority
AL1022,Drink
AL1023,After Laughter Comes Tears
AL1024,Cash and Carry (Remix)
AL1025,Tradition
AL1026,Remixes
AL1027,Asi No Se Puede Muchaches
AL1028,Calle 13 (Clean Version)
AL1029,That Woman (feat. Alan Evans)
AL1030,Studio One Soul
AL1031,Cubafrica
AL1032,Genero Genero
AL1033,Only Now
AL1034,Memories Of Barber Mack
AL1035,Singles
AL1036,Breaks from the Border
AL1037,Gri Gri Bá
AL1038,Return To The 37th Chamber
AL1039,Savane
AL1040,What?!
AL1041,Sound of Life
AL1042,Akathisia
AL1043,Quiet Time
AL1044,"Sambabook Dona Ivone Lara, Vol. 1"
AL1045,Let Jesus Row
AL1046,Mam Yinne Wa
AL1047,55
AL1048,Tradition Remixed
AL1049,Tacutun / Cumbia Reggae Funky
AL1050,Mandrill
AL1051,Historia natural
AL1052,Tropicoso
AL1053,Naturally
AL1054,Atómico (Felipe Gordon Remix - Single Edit)
AL1055,4
AL1056,Press On
AL1057,Anthology. Pt. 2
AL1058,Kullez Kid in Africa
AL1059,In Search of the Lost City of the Monkey God
AL1060,I Sold My Heart to the Junkman
AL1061,Resistance
AL1062,Motives - What Have We Come Here to Do Church?
AL1063,Nigeria 70 - Funky Lagos
AL1064,Top Latino V.6
AL1065,MultiViral
AL1066,My Prayer (Yahweh)
AL1067,Rawville
AL1068,Highway
AL1069,La Bestia
AL1070,Love Like This (45 Edit)
AL1071,IFÁ Afrobeat + Okwei V. Odili
AL1072,One Way Out
AL1073,Expansions
AL1074,In The Raw
AL1075,Brownout Presents Brown Sabbath
AL1076,The Venezuelan Zinga Son Vol. 1
AL1077,Abayomy
AL1078,Something
AL1079,Calundu
AL1080,Road by hotelF1
AL1081,Orgone
AL1082,Hutspot
AL1083,Black Coffee
AL1084,Hôtel Costes 2 La Suite
AL1085,Follow the Path
AL1086,Manoel Cordeiro & Sonora Amazônia
AL1087,Jaiyede Afro
AL1088,Shake It
AL1089,Café del Mar XXV (Vol. 25)
AL1090,My Everything
AL1091,This Loving
AL1092,African Voodoo
AL1093,El Grito
AL1094,God's Favourite Baby
AL1095,Everyday
AL1096,Highly Confidential
AL1097,Dos Santos
AL1098,Tikulafe
AL1099,Ferro Velho
AL1100,Blind
AL1101,AJO
AL1102,Clube da Fumaça
AL1103,Cinéma El Mundo
AL1104,Hymne à la vie
AL1105,Second Time Round
AL1106,Coragem
AL1107,Loose Change
AL1108,Lucro/Descomprimindo
AL1109,Down in the Basement - EP
AL1110,Surfside
AL1111,Bamba
AL1112,Tighten Up - Single
AL1113,No Les Creeré
AL1114,Live En Una Noche Tan Linda Como Esta Vol 1
AL1115,60's Gold
AL1116,No One Like You
AL1117,Blsd
AL1118,A Pesar La Vida / Not Yet
AL1119,Boa
AL1120,Amazing
AL1121,Nômade Orquestra
AL1122,Coconut Rock
AL1123,Quilombo do Futuro
AL1124,The Serpents Mouth
AL1125,M M 3
AL1126,God Got Me
AL1127,Taurus
AL1128,Manu écoute ça...
AL1129,Sugar's Boogaloo
AL1130,El Busetero Buscapleitos
AL1131,Fire Selection
AL1132,Hello Baby
AL1133,The Nashville Session
AL1134,Conflict
AL1135,Mix Tel Aviv
AL1136,Mata
AL1137,Thank You
AL1138,Life of Grace
AL1139,Breezin'
AL1140,In My Own Words
AL1141,Soul Mosaic
AL1142,"The Fundamental Nature of Being, Part One"
AL1143,Haven`t You Heard?
AL1144,Uncommon
AL1145,Searching
AL1146,Our Kind of Movement
AL1147,Give The Beggar A Chance
AL1148,"Progress, Jealousy"
AL1149,Still Grazing
AL1150,Mistakes on Purpose (Ethiopiques 30)
AL1151,Reyna
AL1152,Film Of Life
AL1153,DJ-Kicks (Motor City Drum Ensemble) [DJ Mix]
AL1154,HomeCooking
AL1155,Sketches of Ethiopia (Bonus Track Version)
AL1156,Lagos No Shaking
AL1157,Afro Edits
AL1158,Anything You Sow
AL1159,Day of the Dead
AL1160,Hope
AL1161,Pure Sounds of Africa
AL1162,Talkatif
AL1163,Higher
AL1164,Disco Reggae
AL1165,LP
AL1166,The Budos Band
AL1167,Faraway
AL1168,Cantarito
AL1169,Om3ga: Krng the Mixtape
AL1170,Assagai
AL1171,Unlimited
AL1172,Voiciii
AL1173,Sweet Feet
AL1174,Dancing Time: The Best of Eastern Nigeria's Afro Rock Exponents 1973-77
AL1175,Ene Nyame (Henrik Schwarz Blend)
AL1176,Disco 2
AL1177,Soul Explosion
AL1178,Elevation
AL1179,Tata fatiguée
AL1180,I'm Here Now
AL1181,Yen Ara
AL1182,Strut Afro-Beats
AL1183,Man No Die
AL1184,Expensive Shit
AL1185,Who Am I (Psalm 8:4)
AL1186,Medicine Man
AL1187,Knocking on Your Door
AL1188,Paisano
AL1189,Night Visions Remixed
AL1190,"Sound of Life, Vol. 2"
AL1191,Enjoyment
AL1192,Jungle Fire
AL1193,Alma
AL1194,Cacique'97
AL1195,Kidayu
AL1196,Over Dey
AL1197,The Classics Vol.1
AL1198,Siakwaa / Nana Agyei (Medley) (feat. Sir Frank Karikari)
AL1199,It's All Mauskovic
AL1200,Höröyá
AL1201,There Is No End
AL1202,A Night At Club Baobab (Senegalese Dance Music of the 70's)
AL1203,Ondatrópica
AL1204,Diablos del Ritmo 1960-1985: The Colombian Melting Pot (Analog Africa No. 12)
AL1205,Earthology
AL1206,Sound of Sinning
AL1207,Thanksgiving
AL1208,Dawn Of Awarness
AL1209,Remotely Close
AL1210,Black Velvet (The Instrumentals)
AL1211,"Chapter 1, Vol. 1 (The EP)"
AL1212,El Rego
AL1213,The Way Home
AL1214,Rising Sun
AL1215,Gilles Peterson Presents: Havana Cultura the Search Continues
AL1216,Home Made
AL1217,The Shakedown
AL1218,DJ-Kicks (Brandt Brauer Frick) [DJ Mix]
AL1219,¿Dónde Estás María?
AL1220,Africadelic
AL1221,Box Set
AL1222,Live En Una Noche Tan Linda Como Esta Vol 2
AL1223,Desesperanza
AL1224,Wiped Out!
AL1225,Little Dark Age
AL1226,Hard To Imagine The Neighbourhood Ever Changing
AL1227,I Love You.
AL1228,Play with Fire (feat. Yacht Money)
AL1229,Nevermind (Remastered)
AL1230,A/B
AL1231,ATLAS
AL1232,Blood // Water
AL1233,TALKING IS HARD
AL1234,Carry On
AL1235,All That Really Matters - Just Hits
AL1236,Rock Brandneu
AL1237,Workout Hits 2023
AL1238,OK Boomers - Top Tunes
AL1239,The Greatest Rock Tunes 2022
AL1240,Tek It - New Noise
AL1241,Top of the Rock
AL1242,Rock Workout 2023
AL1243,Timeless Rock Hits
AL1244,Daily Pop Mix
AL1245,Mirando las nubes
AL1246,Beats Electro Mood
AL1247,Kick It
AL1248,Metal Lives!
AL1249,Metal
AL1250,80s Bangers Vol. 2
AL1251,Pop Hits Now
AL1252,Rock n Roll Christmas
AL1253,Home For Christmas 2022
AL1254,Home At Christmas
AL1255,All Out Alternative
AL1256,20's Rock
AL1257,Éxitos del Pop en Español de los Años 2000
AL1258,Alternative Rock Mixtape
AL1259,Christmas Rock 2022
AL1260,Daddy Issues (Remix) feat. Syd
AL1261,"I like it when you sleep, for you are so beautiful yet so unaware of it"
AL1262,Pablo Honey
AL1263,The Reason (15th Anniversary Deluxe)
AL1264,OK Computer
AL1265,Elephant
AL1266,The End Is Where We Begin
AL1267,Autumn Vibe
AL1268,90's Music Grandi Successi
AL1269,noches de lluvia
AL1270,Rock - Best of 2022
AL1271,Los Clásicos del Pop 90s
AL1272,Fishing Music
AL1273,Alternativo diferente latino
AL1274,Emo Christmas 2022
AL1275,Here to Forever - All New Indie
AL1276,Rock & Halloween
AL1277,Fiesta temática 90s
AL1278,tardes tranqui
AL1279,Triste Hora
AL1280,Chip Chrome & The Mono-Tones (Deluxe)
AL1281,Out of My League
AL1282,The 1975
AL1283,I'm In Love With You
AL1284,Californication (Deluxe Edition)
AL1285,Hot Fuss
AL1286,Pressure
AL1287,Stadium Arcadium
AL1288,Awake
AL1289,What I've Become
AL1290,Pañuelos al viento
AL1291,Обратно в клас - rock
AL1292,Halloween Metal Nights
AL1293,Release Your ANGER
AL1294,Halloween Spooky Party 2022
AL1295,Twisted Halloween Hits
AL1296,Halloween Party 2022
AL1297,Música para casa
AL1298,Rock x siempre
AL1299,feel something
AL1300,Zion
AL1301,Being Funny In A Foreign Language
AL1302,Away From The Sun
AL1303,VHS
AL1304,Unleashed
AL1305,Halloween Hits
AL1306,Best Viral Tunes
AL1307,Viral Şarkılar
AL1308,It's You - Fresh Hits
AL1309,Relaxing Pop
AL1310,TOKYO - HALLOWEEN -
AL1311,Pumpkin Patch Hits
AL1312,Maintain Your Mojo
AL1313,Christmas Songs 2022
AL1314,Halloween 2022
AL1315,Halloween Scary Party
AL1316,Anthems for Witches 2022
AL1317,Pop & Halloween
AL1318,Happy Haunted Halloween Tunes
AL1319,Never Trust a Happy Song
AL1320,aurora
AL1321,Boku no Sensou
AL1322,Out Of Time (25th Anniversary Edition)
AL1323,Picture Show
AL1324,Run for Your Life
AL1325,The New Abnormal
AL1326,Weathered
AL1327,"10,000 Reasons (Live)"
AL1328,Walk Through Fire
AL1329,Acústico (Ao Vivo)
AL1330,US Pop 20s
AL1331,La Fine dell'Estate
AL1332,Indie Chill Out
AL1333,New Pop Classics
AL1334,All Bops
AL1335,Happy Commute
AL1336,Groove Metal Roots & Branches
AL1337,10's Dance Classics
AL1338,Helloween Party
AL1339,Hits Pop Rock 90's
AL1340,Mirrorball / Mind Over Matter (Reprise)
AL1341,"Elliot's Song (From ""Euphoria"" An HBO Original Series)"
AL1342,Legends Are Made
AL1343,Carnival of Rust
AL1344,No Place Is Home
AL1345,Welcome to the Fire
AL1346,MTV Unplugged In New York
AL1347,BLOOD // EDITS
AL1348,In Utero - 20th Anniversary - Deluxe Edition
AL1349,By the Way (Deluxe Edition)
AL1350,Life Is Beautiful
AL1351,CHRISTMAS TOP HITS 2022
AL1352,Pop Christmas 2022
AL1353,Weihnachtspop 2022
AL1354,Detonautas Acústico
AL1355,Babel
AL1356,Chip Chrome & The Mono-Tones
AL1357,Death to the Pixies
AL1358,So Tonight That I Might See
AL1359,This fffire
AL1360,A Brief Inquiry Into Online Relationships
AL1361,Blood Sugar Sex Magik (Deluxe Edition)
AL1362,The Mystic
AL1363,Surfer Rosa
AL1364,Urban Hymns (Remastered 2016)
AL1365,Astro Lounge
AL1366,Kinky (Remastered)
AL1367,Santa's Christmas List
AL1368,Hot Mix Pop
AL1369,Christmas Dinner
AL1370,Modo trabajación
AL1371,Halloween 2022 Pop Vol. 4
AL1372,Rock un sentimiento vol. I
AL1373,TickTok Back To School 2022
AL1374,Fiesta temática 80s
AL1375,#000000 & #FFFFFF
AL1376,Night People
AL1377,sail away
AL1378,In Utero - 20th Anniversary Remaster
AL1379,Fitz and The Tantrums
AL1380,Way down We Go
AL1381,Infest
AL1382,Deadwing
AL1383,Ghost Town
AL1384,Metamorph
AL1385,Rage Against The Machine - XX (20th Anniversary Special Edition)
AL1386,The Colour And The Shape
AL1387,Look Up Child
AL1388,Playground (from the series Arcane League of Legends)
AL1389,The Fight
AL1390,LoFi & Halloween
AL1391,Halloween & Alternative
AL1392,Post-Millennial Noise
AL1393,No Es Lo Que Parece
AL1394,Gol de Quem?
AL1395,Só as Melhores do Pop Rock Brasileiro
AL1396,What Do You Think About the Car?
AL1397,Lifehouse
AL1398,Silver Side Up
AL1399,All the Right Reasons
AL1400,The Getaway
AL1401,What If Nothing
AL1402,Middle Finger - Single
AL1403,The Attractions Of Youth
AL1404,Sobville (Episode I)
AL1405,Better Word (Live)
AL1406,And If Our God Is For Us...
AL1407,Casting Crowns
AL1408,Changed
AL1409,Acústico (Live)
AL1410,De 1997 A 2007
AL1411,2020
AL1412,A Saga Continua
AL1413,Planet 80's
AL1414,Perreo Tenebroso Vol. 3
AL1415,80's
AL1416,Halloween 2022 Pop Vol. 2
AL1417,REGNIG DAG
AL1418,Ella Es Tan Cargosa
AL1419,Halloween 2022 Pop Vol. 5
AL1420,Halloween 2022 Perreo Vol. 5
AL1421,Walking On A Dream (10th Anniversary Edition)
AL1422,Fallen Star
AL1423,Q.E.D
AL1424,MUKANJYO
AL1425,I'm Sorry...
AL1426,Oracular Spectacular
AL1427,finding it hard to smile
AL1428,Heaven on Hold
AL1429,Get Born
AL1430,The Bends
AL1431,Comedown Machine
AL1432,ATLAS (Deluxe)
AL1433,Way Maker
AL1434,Only Jesus
AL1435,"Echoes, Silence, Patience & Grace"
AL1436,Cemiyette Pişiyoruz
AL1437,How Great Is Our God: The Essential Collection
AL1438,Grandes exitos
AL1439,Canciones del Huracan + Wonderful Noches
AL1440,Circología
AL1441,Carrete familiar
AL1442,Ultraviolet Disguise (Deluxe Edition)
AL1443,Happiness
AL1444,シンデレラ
AL1445,Boku no Sensou (TV Size)
AL1446,What Could Possibly Go Wrong
AL1447,Blackbird
AL1448,Fifty Shades Freed (Original Motion Picture Soundtrack)
AL1449,Weezer (Green Album)
AL1450,The Better Life
AL1451,Happy Pills
AL1452,"Arise (From Marvel's ""Cloak & Dagger"")"
AL1453,Automatic For The People
AL1454,Loner
AL1455,Victorious
AL1456,All The People Said Amen
AL1457,The Beginning & Everything After
AL1458,The Ultimate Playlist
AL1459,Imunidade Musical
AL1460,3er Arco
AL1461,Acústico MTV
AL1462,Cuentos Decapitados
AL1463,XX Años (En Vivo)
AL1464,Llegando Los Monos
AL1465,Christmas Eve At Home
AL1466,Proaño
AL1467,Lo Mejor de Tex Tex
AL1468,My Type EP
AL1469,Me Namora
AL1470,Mind Over Matter
AL1471,The Poison
AL1472,Vivid (Expanded Edition)
AL1473,Dark Horse
AL1474,Superunknown (Deluxe Edition)
AL1475,Nirvana
AL1476,Church Of Scars
AL1477,"Rise And Fall, Rage And Grace"
AL1478,Collection
AL1479,Sing Like Never Before: The Essential Collection
AL1480,Un Baión para el Ojo Idiota
AL1481,El Club De Los Martes
AL1482,Gulp!
AL1483,Caifanes
AL1484,O Rappa - Acústico Oficina Francisco Brennand (Deluxe) [Ao Vivo]
AL1485,Las Pastillas del Abuelo
AL1486,Amapola del 66
AL1487,Multishow Ao Vivo Paralamas Brasil Afora (Ao Vivo / Deluxe)
AL1488,VI
AL1489,Toro Rojo
AL1490,Agterplaas
AL1491,NX Zero
AL1492,Desafíos
AL1493,Vivo De Pastillas: Locura Y Realidad (Live In Buenos Aires / 2016)
AL1494,15 Rolitas de Amor
AL1495,The Gift Of Game
AL1496,BOY
AL1497,Ice On The Dune
AL1498,Temple of Thought (Bonus Edition)
AL1499,Extreme Behavior
AL1500,Bleed American
AL1501,In Rainbows
AL1502,Young The Giant (Special Edition)
AL1503,Hopeless Romance
AL1504,Eye Of The Storm
AL1505,Out of Exile
AL1506,Blur (Special Edition)
AL1507,One Day Remains
AL1508,The Ascension
AL1509,La Mosca y la Sopa
AL1510,Sad Love Songs 2022
AL1511,Aklımın Derinlerinde
AL1512,Sad Covers 2022
AL1513,100% Charlie Brown Jr - Abalando A Sua Fábrica
AL1514,A Cielo Abierto - El año del tigre
AL1515,Operacion Rebenque
AL1516,Transpiração Contínua Prolongada - Edição Comemorativa
AL1517,Destinologia
AL1518,Jessico
AL1519,Murasaki
AL1520,Presión
AL1521,Razón (En Vivo) - Single
AL1522,Nove Luas
AL1523,Lima
AL1524,Dance Dance Dance
AL1525,Asi Es el Rock And Roll
AL1526,Paradojas
AL1527,Chegou Quem Faltava - Versão Completa (Ao Vivo)
AL1528,All the Right Reasons (Walmart Exclusive Edition)
AL1529,Muchacho
AL1530,How Can It Be
AL1531,Franz Ferdinand
AL1532,Ten
AL1533,Modern Alchemy
AL1534,Living Hope
AL1535,Countdown To Extinction
AL1536,7 Vezes
AL1537,Parte De La Religion
AL1538,Cuadros Dentro De Cuadros
AL1539,Kampungan
AL1540,Fulanos de Nadie
AL1541,Los Hermanos Na Fundição Progresso - 09 De Junho De 2007
AL1542,!!Puro Macanazo!!
AL1543,Los Hermanos
AL1544,La Culpa
AL1545,Spooky Scary Season
AL1546,Last Kiss
AL1547,I Am Defiant
AL1548,Make Yourself
AL1549,Wild & Free (Deluxe)
AL1550,Is This It
AL1551,Tragic Kingdom
AL1552,Day & Age (Bonus Tracks)
AL1553,Oi :)
AL1554,Wolfmother
AL1555,Return of the Dream Canteen
AL1556,Rise (Deluxe Edition)
AL1557,One-X
AL1558,Un Segundo MTV Unplugged
AL1559,Cordero Atado
AL1560,Locura
AL1561,El Silencio
AL1562,Azul
AL1563,Frühstücksmusik Herbst/Winter 2022/2023
AL1564,Ruido Rosa
AL1565,Máscaras de Sal
AL1566,Panteón Rococó
AL1567,Daltónico
AL1568,Aunque Cueste Ver El Sol
AL1569,Una Temporada en el Amor
AL1570,Serú Girán (Remasterizado 2021)
AL1571,Gardeliando
AL1572,Sortilegio de Arrabal
AL1573,Seven Nation Army (The Glitch Mob Remix)
AL1574,Dancing In The Moonlight: The Best Of Toploader
AL1575,Part Of The Band
AL1576,Me Before You (Original Motion Picture Soundtrack)
AL1577,Sehnsucht
AL1578,Rare Breed
AL1579,The Best
AL1580,Choke
AL1581,a modern tragedy vol. 1
AL1582,The Hunter
AL1583,Room On Fire
AL1584,Comatose
AL1585,Wretched and Divine: The Story Of The Wild Ones
AL1586,Repentless
AL1587,...aynı yer
AL1588,Americana
AL1589,Canciones para Armar
AL1590,Hasta Despertar
AL1591,Por Colectora
AL1592,Este Fuerte Viento Que Sopla
AL1593,Pánico
AL1594,Ventura
AL1595,Jueves
AL1596,El Tercer Viento Norestense
AL1597,Cumbia x siempre
AL1598,Halloween Songs | Witches Hour
AL1599,El Costado Izquierdo
AL1600,Imperfecto Extraño
AL1601,En Vivo en el Palacio de los Deportes - 25 Aniversario
AL1602,"Thank You,"
AL1603,Free Animal
AL1604,Rain (from The Suicide Squad)
AL1605,Melody of Certain Damaged Lemons
AL1606,Sweater Weather (Young Saab Remix)
AL1607,chapter two: red
AL1608,Golden Age
AL1609,Fever Dream
AL1610,Seventeen Days
AL1611,Visions Of A Life
AL1612,There Is Nothing Left To Lose
AL1613,FIRTINAYT
AL1614,In Absentia (Deluxe - Remastered)
AL1615,Naranja Persa 2
AL1616,Conociendo Rusia
AL1617,Bora Bora
AL1618,Pür Akustik
AL1619,Em Comum
AL1620,Tipitorex
AL1621,Infame
AL1622,Kamar Gelap
AL1623,Vivir Así Es Morir de Amor
AL1624,Después de Ver
AL1625,Otras Canciones
AL1626,La Argentinidad Al Palo
AL1627,Dynamo (Remastered)
AL1628,Crisis
AL1629,Lobo Suelto
AL1630,Hits & Pieces
AL1631,Lágrimas y Risas
AL1632,20 Años: Festejar para Sobrevivir - en Vivo
AL1633,Televisão de Cachorro
AL1634,Mundo Perfecto
AL1635,Ofrenda
AL1636,Enjambre Y Los Huéspedes Del Orbe
AL1637,Summer Pack
AL1638,Oxigeno
AL1639,White Pony
AL1640,Audioslave
AL1641,Kid A
AL1642,In Your Honor
AL1643,Street Fight
AL1644,Cold-Blooded
AL1645,Arcane League of Legends (Soundtrack from the Animated Series)
AL1646,Seeing Red
AL1647,Everybody Wants
AL1648,Darmaduman
AL1649,Vulgar Display of Power
AL1650,Brothers (Deluxe Remastered Anniversary Edition)
AL1651,Amor Loco
AL1652,Rust In Peace (Expanded Edition)
AL1653,Salmonalipsis now
AL1654,Laberintos
AL1655,RAS Portraits
AL1656,Multishow Ao Vivo - Skank no Mineirão
AL1657,La Racha
AL1658,Rey Azúcar
AL1659,Los Fabulosos Cadillacs - Vol. V
AL1660,Versiones
AL1661,Jaibol
AL1662,El Segundo Es Felino
AL1663,Lo Mejor de Pescado Rabioso
AL1664,Desde la Isla del Olvido
AL1665,Pure Frosting
AL1666,Disclaimer II
AL1667,Jar Of Flies
AL1668,Habits (Spotify)
AL1669,Smells Like Children
AL1670,Stay
AL1671,Burn The Ships
AL1672,Gece
AL1673,a modern tragedy vol. 2
AL1674,"10,000 Days"
AL1675,Welcome Interstate Managers
AL1676,Fieras Lunaticas
AL1677,Arrullo De Estrellas
AL1678,My God Is Still The Same
AL1679,Akşamüstü
AL1680,Dropout Boogie
AL1681,Facelift
AL1682,Evdekilere Selam
AL1683,Reptilectric
AL1684,Grandes Exitos
AL1685,Mondo Di Cromo
AL1686,No todo lo puedes dar
AL1687,Se Renta Cuarto para Señoritas
AL1688,Hidden Gems
AL1689,Mojigata
AL1690,Transpirando Alegría
AL1691,Melhor Plantar o Bem
AL1692,Taxi para 3
AL1693,Un Tributo
AL1694,Emocionado
AL1695,Seru Giran 92
AL1696,My Type
AL1697,"Now, Not Yet"
AL1698,Writer's Block
AL1699,Sam's Town
AL1700,Mutter
AL1701,Evil Empire
AL1702,DECIME QUE ES VERDAD
AL1703,Rammstein
AL1704,The Bastards
AL1705,All Of The Above
AL1706,Seni Senden
AL1707,The Silent Ones
AL1708,Lateralus
AL1709,İyi Niyetli Bir Gün
AL1710,Luzbelito
AL1711,Tri-Polar (International Version)
AL1712,Bir Kalbin Çöküşü
AL1713,Cállame
AL1714,Ciclones
AL1715,Cabildo y Juramento
AL1716,Andres
AL1717,Camisa 10 joga bola até na chuva
AL1718,"999+09, Vol. 2"
AL1719,20 Años: El Show Más Feliz del Mundo (En Vivo)
AL1720,"A2Í 5Uena!, Vol 2"
AL1721,O Samba Poconé
AL1722,Desde Adentro - Impuesto de Fe (En Vivo)
AL1723,The Adams
AL1724,Ríos de Lava - Single
AL1725,Entre Cuervos y Chacales
AL1726,¿Dónde Vas?
AL1727,Sigue Tu Camino
AL1728,Lucybell
AL1729,Esclavo
AL1730,A la Izquierda de la Tierra
AL1731,Yernos Perfectos
AL1732,Momo Sampler
AL1733,Bicicleta (Remastered 2012)
AL1734,SAD GIRLZ LUV MONEY Remix (feat. Kali Uchis and Moliy)
AL1735,abcdefu
AL1736,THE ANXIETY
AL1737,Hybrid Theory (Bonus Edition)
AL1738,Meteora
AL1739,Build a Bitch
AL1740,"Ugly is Beautiful: Shorter, Thicker & Uglier (Deluxe)"
AL1741,Dolls EP
AL1742,Minutes to Midnight
AL1743,Upbeat Pop
AL1744,The State of Pop
AL1745,Coffee Chill
AL1746,Internet Sensations
AL1747,Fall Aesthetic
AL1748,Collide (feat. Tyga)
AL1749,LIVING THINGS
AL1750,Café en casa
AL1751,Just Best Covers
AL1752,THE ANGEL YOU DON'T KNOW
AL1753,SAD GIRLZ LUV MONEY Remix (feat. Kali Uchis and Moliy) [Slowed + Reverb]
AL1754,Dolls
AL1755,abcdefu (angrier)
AL1756,New Pop Icons
AL1757,Baddest of Them All
AL1758,Autumn Hits
AL1759,Back to School!
AL1760,Give You Love - Cozy Hits
AL1761,I'm Blue - Hits of 2022
AL1762,Beautiful Trending Hits 2022
AL1763,Running Songs
AL1764,Hit After Hit
AL1765,Hits Hits Hits
AL1766,Trending Pop
AL1767,Today's Party Hits
AL1768,Pop Brandneu
AL1769,From The Ashes - New Beats
AL1770,Your Perfect Soundtrack
AL1771,"#Multiverse, If the Multiverse Is Real"
AL1772,Halloween Party Canzoni per Bambini 2022
AL1773,Fallen
AL1774,The Fast And The Furious: Tokyo Drift (Original Motion Picture Soundtrack)
AL1775,One More Light
AL1776,Collide (Remix Pack)
AL1777,EP 8
AL1778,Akuma no Ko
AL1779,(III)
AL1780,Meet Me At Our Spot (Live)
AL1781,Avenged Sevenfold
AL1782,Overwhelmed
AL1783,Saiaku Saiai
AL1784,Electra Heart (Deluxe)
AL1785,Walk - Fresh Rap Flow
AL1786,Sailor on the Moon - Hot New Rap
AL1787,Put It on Me: Trending Hip Hop 2022
AL1788,Ghetto Superstar - New Rap Classics
AL1789,New Gold (feat. Tame Impala and Bootie Brown)
AL1790,Demon Days
AL1791,Toxicity
AL1792,Meteora (Bonus Edition)
AL1793,Nightcall
AL1794,Plastic Beach
AL1795,Everything Sucks
AL1796,overwhelmed (the remixes)
AL1797,Feeling Good
AL1798,About Love (From The Netflix Film “To All The Boys: P.S. I Still Love You”)
AL1799,Hits à suivre 2022
AL1800,Am I Ready - Pop Night Out
AL1801,Nightmare
AL1802,GREY Area
AL1803,fmk (with blackbear)
AL1804,Transformers: Revenge Of The Fallen The Album
AL1805,HÖST
AL1806,Best R&B Tunes
AL1807,LUGNA LÅTAR
AL1808,LUGNA HITS
AL1809,Blinding Lights
AL1810,a study of the human experience volume two
AL1811,Autumn Vibes 2022
AL1812,Sweater Weather
AL1813,Energy Hip Hop
AL1814,The Hype
AL1815,Summer Music Festival Hits
AL1816,Habits
AL1817,A Thousand Suns
AL1818,Free Time
AL1819,Vol. 3: The Subliminal Verses
AL1820,Vanice
AL1821,Hip Hop & R'n'B
AL1822,Hail to the King
AL1823,What If I Love You
AL1824,Trending Hip Hop
AL1825,Coffee Break
AL1826,New RnB
AL1827,2Step - Pop R'n'B
AL1828,Modern R&B Love
AL1829,Music for Rainy Days
AL1830,New Grooves
AL1831,On Chill - Rap & RnB
AL1832,20's R'n'B
AL1833,The Look - R&B Feels
AL1834,Mellow Electronic Pop
AL1835,20s Love Songs
AL1836,Good Vibes
AL1837,Low-Key Hits
AL1838,Drunken Wordz Sober Thoughtz
AL1839,Rap Classics
AL1840,The Hip Hop Collection
AL1841,GROWING UP IS _____
AL1842,It's Okay to Not Be Okay (Original Television Soundtrack) Special Track vol.1
AL1843,The Best 90s Hip Hop Hits
AL1844,Assume Form
AL1845,Six Days
AL1846,Ceremonials (Original Deluxe Version)
AL1847,Hypnotize
AL1848,The Hunting Party
AL1849,All Hope Is Gone (10th Anniversary)
AL1850,Rap Geek
AL1851,Power Rap
AL1852,Rap Homage
AL1853,"Call Me Crazy, But..."
AL1854,Kiss Land (Deluxe)
AL1855,The Album
AL1856,Results May Vary
AL1857,Immortalized
AL1858,Autumn Girl
AL1859,Slow Down Soul
AL1860,The Family Jewels
AL1861,Chocolate Starfish And The Hot Dog Flavored Water
AL1862,New Rap Icons
AL1863,New Hip Hop Icons
AL1864,Papi Chulo
AL1865,ur just horny
AL1866,Phobia (Clean Version)
AL1867,Halloween & Chill
AL1868,Sad Girls
AL1869,Cabinet of Curiosities (Soundtrack from the Netflix Series)
AL1870,Halloween Kids Party 2022
AL1871,Humanz (Deluxe)
AL1872,Gorillaz
AL1873,Be Around Me (feat. chloe moriondo)
AL1874,abc (nicer)
AL1875,Mezmerize
AL1876,Spider-Man: Into the Spider-Verse (Soundtrack From & Inspired by the Motion Picture)
AL1877,Best Alternative Pop Tunes
AL1878,Aquarius
AL1879,Simon Says
AL1880,Honey Doom
AL1881,&
AL1882,"The Music of Grand Theft Auto V, Vol. 1: Original Music"
AL1883,City of Evil
AL1884,Hard
AL1885,Furious 7: Original Motion Picture Soundtrack
AL1886,The Yearbook
AL1887,Santa Borrachera
AL1888,Someone To Spend Time With
AL1889,Dazed & Confused
AL1890,The Sickness (20th Anniversary Edition)
AL1891,abc (The Wild Remix)
AL1892,YOU AGAINST YOURSELF
AL1893,We Are Not Your Kind
AL1894,Norma
AL1895,Cigarettes After Sex
AL1896,Cry
AL1897,The Devil's Walk
AL1898,Heiress
AL1899,Turning Page
AL1900,EP I.
AL1901,Crush
AL1902,Affection
AL1903,In A Time Lapse
AL1904,Birthplace
AL1905,You're All I Want
AL1906,Bathing Beach
AL1907,Udaan
AL1908,Neon Moon
AL1909,"Cannot Be, Whatsoever"
AL1910,The Ambient Zone Just Music Cafe Vol 4
AL1911,Atlas: I
AL1912,"Covers, Vol. 2"
AL1913,KGF - Chapter 1 (Kannada) [Original Motion Picture Soundtrack]
AL1914,Una Mattina
AL1915,Tsugi Chill-Out
AL1916,Stress Free Music
AL1917,Halloween Musica Horror 2022
AL1918,Classical Running
AL1919,Refreshing Piano
AL1920,ZEN 2022
AL1921,Weihnachten Klassik 2022
AL1922,Classical Christmas
AL1923,Classical Christmas 2022
AL1924,Test & Recognise (Remixes)
AL1925,Bicep
AL1926,"Woodgate, NY"
AL1927,Joker (Original Motion Picture Soundtrack)
AL1928,Atlas: II
AL1929,Monsters (Original Motion Picture Soundtrack)
AL1930,Isolate & Chill
AL1931,Inca Ore / Grouper
AL1932,Baby Teeth
AL1933,Fever Dreams
AL1934,Peace
AL1935,Haven (from Life Is Strange)
AL1936,The Shark in Your Water
AL1937,Em Magan
AL1938,Le Fabuleux destin d'Amélie Poulain (Bande originale du film)
AL1939,Victory (Live)
AL1940,The Blue Notebooks (15 Years)
AL1941,Nuvole Bianche
AL1942,Divenire (Deluxe Edition)
AL1943,Klassische Weihnachtsmusik
AL1944,Babadjanian: Piano Trio - Shostakovich: Piano Trio No. 2
AL1945,2021 Midwest Clinic: Byron Nelson High School Symphony Orchestra (Live)
AL1946,"Sonneurs 2 (Frédéric Aurier, Jessica Ekomane,Dror Feller, Philip Glass, Pierre-Yves Macé)"
AL1947,"Goodbye (Theme from Dark, a Netflix Original Series)"
AL1948,Rooh
AL1949,Sleep
AL1950,London Dreams
AL1951,The Theory of Everything (Original Motion Picture Soundtrack)
AL1952,Novö Piano
AL1953,Atlas: Enneagram
AL1954,Alps
AL1955,I Just Want You (From 'Castle')
AL1956,The Last of Us
AL1957,The Turning Year
AL1958,Fracture
AL1959,Small Craft On A Milk Sea
AL1960,"Recomposed By Max Richter: Vivaldi, The Four Seasons"
AL1961,Starlight (Live)
AL1962,Underwater
AL1963,Fragments Found
AL1964,You Make Me Brave (Live)
AL1965,Voyager - Essential Max Richter
AL1966,We Will Not Be Shaken (Live)
AL1967,The Best Classical Playlist
AL1968,Apocalypse
AL1969,If You're in the Water
AL1970,Selected Ambient Works Volume II
AL1971,Ronda
AL1972,Night Song (Real World Gold)
AL1973,Nocturnal Animals (Original Motion Picture Soundtrack)
AL1974,No Fun / Lucky for You
AL1975,Luminous
AL1976,Dismantle
AL1977,Already Gone
AL1978,Tamil Romantic Lofi
AL1979,3 Am. Study Session
AL1980,The Heart of Man
AL1981,Trilogy
AL1982,Ascension
AL1983,Reflections
AL1984,J'y suis jamais allé (From ''Amelie'')
AL1985,Transitions II
AL1986,Journals
AL1987,The Leftovers: Season 1 (Music from the HBO Series)
AL1988,Tales Of Solace
AL1989,"All Is Wild, All Is Silent"
AL1990,Weightless (Ambient Transmission Vol. 2)
AL1991,"Hidden Gems, Vol. 1"
AL1992,Pride and Prejudice - OST
AL1993,W.E. - Music From The Motion Picture
AL1994,Maps
AL1995,Raise a Hallelujah (Studio Version)
AL1996,Zia
AL1997,Heavenly
AL1998,Every High
AL1999,Broadchurch (Music From The Original TV Series)
AL2000,Curls
AL2001,Ovotaar
AL2002,Nuit
AL2003,A Mineral Love
AL2004,Sweet
AL2005,Water
AL2006,Requiem for a Dream / OST
AL2007,Khwaab
AL2008,In the Kitchen
AL2009,S/T
AL2010,2012
AL2011,Goodness
AL2012,Faithful
AL2013,Butterflies (Snowfall Remixes)
AL2014,Somnio Novo
AL2015,Isles
AL2016,"Maui Chill, Vol. One (Sunset at the Kihei Cafe)"
AL2017,Growth Patterns
AL2018,"Covers, Vol. 1"
AL2019,Whitby
AL2020,Winter Stories
AL2021,To Feel Again / Trois
AL2022,Revival's In The Air (Live)
AL2023,1996
AL2024,A Bad Dream That Will Pass Away
AL2025,Drukqs
AL2026,Beneath the Waves
AL2027,No Longer Slaves (Radio Version)
AL2028,Por Siempre (Live)
AL2029,re:member
AL2030,Apollo
AL2031,"The Departure (Main title theme from ""The Leftovers"" - Music from the HBO series)"
AL2032,Islands - Essential Einaudi
AL2033,K.
AL2034,DUALQ
AL2035,The Last of Us Part II (Original Soundtrack)
AL2036,Falling In Love
AL2037,Her Eyes the Stars
AL2038,Mid Air
AL2039,Saudade (When We Are Born)
AL2040,Moments of Wonder
AL2041,Invisible Forces
AL2042,Ala
AL2043,Varða
AL2044,Opal (Four Tet Remix)
AL2045,Dreamland
AL2046,Chasing Cars
AL2047,We Slept at Last
AL2048,Everest (Original Motion Picture Soundtrack)
AL2049,Wu Wei
AL2050,the color of the sky (solo piano)
AL2051,Ambient One
AL2052,pt. 1 Owl Light
AL2053,All Through the Night
AL2054,The Virgin Suicides (Original Motion Picture Score)
AL2055,Like I Used To
AL2056,Raising Your Voice... Trying to Stop an Echo (Deluxe Edition)
AL2057,Penny Dreadful: Seasons 2 & 3 (Music From The Showtime Original Series)
AL2058,Solipsism
AL2059,Moon Safari
AL2060,Transitions III
AL2061,In A Time Lapse (Deluxe Edition)
AL2062,Summer Memories
AL2063,Wrecking ball (Solo Piano Version)
AL2064,Erased Tapes Collection V
AL2065,Selected Ambient Works 85-92
AL2066,Before And After Science
AL2067,Evolution
AL2068,Sombrio
AL2069,Fictions (Made To Measure Vol. 47)
AL2070,The Revenant (Original Motion Picture Soundtrack)
AL2071,Each Time You Fall in Love
AL2072,Pastoral
AL2073,Day Arc
AL2074,I Make Sparks
AL2075,Ariana
AL2076,Piano Works
AL2077,Loom (Sunrise Session II)
AL2078,The Book of Life (Original Motion Picture Soundtrack)
AL2079,A Little Fable
AL2080,Natural Light
AL2081,Kioque
AL2082,Stories From Far Away On Piano
AL2083,Looking at the World Through a Window
AL2084,Balm
AL2085,The Man Who Died in His Boat
AL2086,Moiety
AL2087,Deep Space
AL2088,Oddular
AL2089,Talkie Walkie
AL2090,Together At Last
AL2091,Bach: The Cello Suites - Recomposed by Peter Gregson
AL2092,Holm Sound
AL2093,The Undivided Five
AL2094,Evening Light
AL2095,Pisces Moon (Alternate Version)
AL2096,Le Onde
AL2097,Truth - The Solo Piano Collection
AL2098,boygenius
AL2099,Elements (Deluxe)
AL2100,Antonio Vivaldi - Inspiring Classics
AL2101,Mare
AL2102,Drive (Original Motion Picture Soundtrack)
AL2103,Why'd You Make Me Cry
AL2104,Valse
AL2105,Ember
AL2106,Love Letter
AL2107,Ribbons
AL2108,Dawning
AL2109,The Middle
AL2110,Many Beautiful Things (Original Motion Picture Soundtrack)
AL2111,Bylur
AL2112,The Beauty of Survival
AL2113,Tales from the Loop (Original Soundtrack)
AL2114,Melancholy Island
AL2115,Rest
AL2116,Music Has The Right To Children
AL2117,Emotions
AL2118,O Holy Night
AL2119,Jane Eyre - Original Motion Picture Soundtrack
AL2120,Living Room Songs
AL2121,Lionheart
AL2122,Music For Growing Flowers
AL2123,Shostakovich: Jazz Suites Nos. 1 - 2 / The Bolt / Tahiti Trot
AL2124,Be Lifted High
AL2125,Here Is Love
AL2126,Éclosion
AL2127,I Blomstertid
AL2128,Forest Park
AL2129,Losar
AL2130,Veriditas
AL2131,Summer Tales
AL2132,Loom
AL2133,Spiriteaux
AL2134,Trance Frendz
AL2135,Deja Vu
AL2136,Fluttering
AL2137,Sometimes
AL2138,Fall Down - EP
AL2139,Meli (II)
AL2140,Images
AL2141,The Malady Of Elegance
AL2142,"To The Stars (From ""Ad Astra"" Soundtrack)"
AL2143,Moments: Mighty Sound
AL2144,Deaf Heat EP
AL2145,Le Jardin de Monsieur Monet
AL2146,Venice - Infinitely Avantgarde (Original Motion Picture Soundtrack)
AL2147,Fall
AL2148,Old Friends New Friends
AL2149,Prehension
AL2150,Viandanze
AL2151,A I A: Alien Observer
AL2152,The Leftovers: Season 3 (Music from the HBO Series)
AL2153,Have It All (Live)
AL2154,Dear
AL2155,Divenire
AL2156,Stand In Your Love (Radio Version)
AL2157,The Return
AL2158,Confession
AL2159,Traditions & Traitors
AL2160,Opaline
AL2161,Retronyms B-Sides
AL2162,Syro
AL2163,Midnattssol
AL2164,Orphée
AL2165,You Are Enough (Acoustic)
AL2166,The Chopin Project
AL2167,Ró/Órói
AL2168,"Dear, Piano"
AL2169,Chasm
AL2170,The Flying of the Leaf
AL2171,Adorn
AL2172,Cascade Street
AL2173,Fuoco
AL2174,Seven Days Walking (Day 1)
AL2175,Charcoal
AL2176,Wintermusik
AL2177,Insides
AL2178,Guthrie
AL2179,Turn Out the Lights
AL2180,Abu Simbel (Hania Rani Invalides Version)
AL2181,In This Moment
AL2182,Interloper
AL2183,Valentina Lisitsa Plays Philip Glass
AL2184,For the Sake of the World
AL2185,"Holiday Chillout, Vol. 2"
AL2186,Like Crazy (Original Motion Picture Score)
AL2187,"Chill the Stress Away, Vol. 1"
AL2188,The Twilight Saga: Breaking Dawn - Part 1 (Original Motion Picture Soundtrack)
AL2189,Night Song
AL2190,Latent Dream
AL2191,If We're Being Honest
AL2192,breath
AL2193,Malibu
AL2194,Do We Wake
AL2195,The Kingdom
AL2196,Closer To You
AL2197,New Fires
AL2198,Pisces Moon
AL2199,Aukai
AL2200,Nocturnal
AL2201,Drift Static
AL2202,Ascent
AL2203,Screws
AL2204,Bloom
AL2205,Undiscovered
AL2206,Howard: Dappled Light
AL2207,Glass: String Quartets Nos. 1-4
AL2208,The Campfire Headphase
AL2209,Deep Elm Records Sampler 15 - The Great Escape
AL2210,The Piano: Music From The Motion Picture
AL2211,Day by Day
AL2212,Spaces
AL2213,Unwind
AL2214,Haul
AL2215,Damascus (Solo Piano)
AL2216,Among Us
AL2217,Scarr
AL2218,Morning Prayer
AL2219,Immanuel
AL2220,Antarctican Dream Machine
AL2221,Touch of Heaven / Alabaster Heart (Live)
AL2222,Einaudi: Full Moon (Arr. Lewin for Guitar)
AL2223,Motorcycle Diaries with additional Music
AL2224,Lullaby
AL2225,Greater is the Blood
AL2226,Music for the Motion Picture Victoria
AL2227,Nightsky
AL2228,Summer Ghost Original Sound Track
AL2229,"Peace, Vol. II"
AL2230,Homecoming (Live)
AL2231,Nainsook
AL2232,By The Sea (Original Motion Picture Soundtrack)
AL2233,Until We Meet The Sky
AL2234,The Art of the Piano
AL2235,Serenity
AL2236,Shostakovich: The Jazz Album
AL2237,Fuente
AL2238,Across the River
AL2239,Versailles (Hold)
AL2240,Impromptu
AL2241,aubades
AL2242,Unhinged
AL2243,Birthdays
AL2244,Lion (Original Motion Picture Soundtrack)
AL2245,Svalbard
AL2246,Esja
AL2247,Flower Duet (Goldmund Rework)
AL2248,Immunity
AL2249,Angel's Flight
AL2250,Slow Meadow (Deluxe Edition)
AL2251,"Reimagined. Volume 2, Chapter 3"
AL2252,"Sun, Cloud"
AL2253,Relaxing Classical
AL2254,Road Movies
AL2255,The Truman Show (Original Motion Picture Soundtrack)
AL2256,Another Green World
AL2257,Dhobi Ghat
AL2258,Jubal
AL2259,Domicile
AL2260,Apricots
AL2261,Life
AL2262,Des Plumes Dans La Tête
AL2263,Gdansk
AL2264,Back to You
AL2265,Einfluss
AL2266,Universo en Miniatura Vol. 1
AL2267,Paradise Valley
AL2268,Windowlicker
AL2269,Volition
AL2270,By the Deep Sea
AL2271,Brokeback Mountain Soundtrack
AL2272,Night Walk
AL2273,Transitions
AL2274,The Fountain OST
AL2275,Woven Song — piano reworks
AL2276,I Giorni
AL2277,"Miss Sloane Solo (Music from the Motion Picture ""Miss Sloane"")"
AL2278,Break Up
AL2279,Tree of Life
AL2280,Cosmic Lullaby (2022 Remix Edition)
AL2281,Dragging a Dead Deer Up a Hill
AL2282,Viciosa
AL2283,Loving Vincent (Original Soundtrack Album)
AL2284,Hibernation
AL2285,This is for You
AL2286,Somewhere in October
AL2287,Paddington 2 (Original Motion Picture Soundtrack)
AL2288,Reverie
AL2289,Everything and Nothing
AL2290,Infinity
AL2291,Murmansk-60
AL2292,Callow
AL2293,Come To Daddy
AL2294,Avril 14th (Aphex Twin) [Vanessa Wagner Version]
AL2295,Koyaanisqatsi
AL2296,Solitudes
AL2297,Mass Effect 3 (Original Soundtrack)
AL2298,"Correlations B-Sides (on Yamaha Upright, 1981)"
AL2299,irreplaceable (solo piano)
AL2300,La noyée
AL2301,Are You Still Somewhere?
AL2302,Singularity
AL2303,Time
AL2304,Too Good To Not Believe (Live)
AL2305,Romeo and Juliet
AL2306,Karma & Desire
AL2307,Eyes Closed And Traveling
AL2308,Spencer (Original Motion Picture Soundtrack)
AL2309,Shostakovich: Piano Concertos Nos. 1 & 2 and String Quartet No. 8
AL2310,FOREVERANDEVERNOMORE
AL2311,21 Grams (Original Motion Picture Soundtrack)
AL2312,Viaggi in aeromobile
AL2313,Atlas: Touch
AL2314,Out of Blue (Original Motion Picture Soundtrack)
AL2315,Radial
AL2316,Brotin
AL2317,Eschaton
AL2318,Pulsing
AL2319,Open
AL2320,Wandering II
AL2321,amour – piano
AL2322,Mari
AL2323,Empty
AL2324,Motion
AL2325,Fabric of Summer
AL2326,Perceptions
AL2327,Rarities - Piano
AL2328,Nothing Is Still
AL2329,Agnee
AL2330,Bells
AL2331,Far Cry 5 Presents: We Will Rise Again (Original Game Soundtrack)
AL2332,The Open
AL2333,Ad Astra (Original Motion Picture Soundtrack)
AL2334,The Twelve (Original Motion Picture Soundtrack)
AL2335,Si tu voyais son cœur (Bande originale du film)
AL2336,"Philip Glass: Glassworlds, Vol. 4 – On Love"
AL2337,Atlas: Space (Deluxe)
AL2338,Derelicts
AL2339,The Solo Piano Collection
AL2340,The Secret Piano
AL2341,Costero
AL2342,Nightbook (Exclusive)
AL2343,Sleep: 111 Pieces Of Classical Music For Bedtime
AL2344,In My Own Time (50th Anniversary Edition)
AL2345,Sicario (Original Motion Picture Soundtrack)
AL2346,I'm Not Asking
AL2347,Island II
AL2348,Fjäll
AL2349,Hiddensee
AL2350,Komachi
AL2351,Ask the Universe
AL2352,Reunion
AL2353,Cinema
AL2354,Balcony Hotel (From 'Miss')
AL2355,"Echoes in the Valley, Vol. 4"
AL2356,Shor in the City (Original Motion Picture Soundtrack)
AL2357,Yann Tiersen: Piano Works
AL2358,Maldesoule ADE 001
AL2359,"Shostakovich: String Quartets Nos. 1, 8 & 14"
AL2360,Truth
AL2361,The Knick (Original Series Soundtrack)
AL2362,World of Sleepers
AL2363,Dialogue Of The Speakers
AL2364,Coco Beach
AL2365,Solo Piano III
AL2366,Introducing Type
AL2367,My Brilliant Friend (TV Series Soundtrack)
AL2368,eviction sessions
AL2369,And Their Refinement of the Decline
AL2370,Filosofem
AL2371,The Vasulka Effect: Music for the Motion Picture
AL2372,Kofū
AL2373,Every High (The Remixes)
AL2374,Drifting Towards the Horizon
AL2375,A Book Of Flying
AL2376,The Lighthouse - Everything's Calm
AL2377,Experience
AL2378,You Finally Knew
AL2379,Hermetism
AL2380,Naive (Live Acoustic)
AL2381,Absent Minded
AL2382,Winterwell
AL2383,"Invasion Main Title (From ""Invasion"")"
AL2384,Hydroponic Garden
AL2385,Other Lights
AL2386,Sleeping on the Edge of the World
AL2387,Ashley Williamson
AL2388,Dans ma main
AL2389,Petits sauts délicats avec grand écart
AL2390,Sanctum Sanctuorum
AL2391,"What Are We, Locks, to Do?"
AL2392,Soundtracks: Dämonen
AL2393,Piano
AL2394,Maximus: The Greatest Movie Soundtracks
AL2395,Speak Life
AL2396,Rivers Arms
AL2397,For Now I Am Winter
AL2398,Serotonin II
AL2399,Gravity
AL2400,"Running By The Roads, Running By The Fields (Solo Piano)"
AL2401,Bab' Azîz (Original Motion Picture Soundtrack)
AL2402,Munich Session
AL2403,Sentient
AL2404,The Lighthouse
AL2405,The Beauty Inside (Original Film Score)
AL2406,On My Way Home
AL2407,"June 24, 2022: Parade of Planets"
AL2408,Walk With Us (For Black Lives Matter)
AL2409,Young Mountain
AL2410,Historiette No. 5
AL2411,Larmes glacées (Piano Solo)
AL2412,The Leftovers: Season 2 (Music from the HBO Series)
AL2413,Solo Guitar with Tin Foil
AL2414,Richard D. James Album
AL2415,Ambient 1: Music For Airports (Remastered 2004)
AL2416,80s Deep Dive
AL2417,Rave Classics
AL2418,This Is My Boy
AL2419,Alive
AL2420,Atoms
AL2421,The Lily
AL2422,Pashupati
AL2423,Infinite Vistas
AL2424,Motorcycle Diaries
AL2425,How Are You? I'm Okay
AL2426,No Goodbye
AL2427,vi (almost equal to) ix
AL2428,For Mark
AL2429,Welcome to the Jungle
AL2430,Odyssey / Sonne
AL2431,Stay In The Dark
AL2432,Nyx
AL2433,The Snail and the Whale (Original Score)
AL2434,Movements
AL2435,Windham Hill Sampler '96
AL2436,Now Is
AL2437,Liquid Mind II: Slow World
AL2438,Liquid Mind XI: Deep Sleep
AL2439,カワキヲアメク
AL2440,TIME
AL2441,KICK BACK
AL2442,Fantastic Magic
AL2443,残酷な天使のテーゼ/魂のルフラン
AL2444,Kaikai Kitan / Ao No Waltz
AL2445,BOOTLEG
AL2446,BORDER : CARNIVAL
AL2447,"TV Anime ""Attack on Titan Season 2"" (Original Soundtrack)"
AL2448,Chou Ikimonobakari Tennen Kinen Members Best Selection
AL2449,人芝居
AL2450,檸檬
AL2451,LANDSPACE
AL2452,炎
AL2453,Black Catcher
AL2454,LEO-NiNE
AL2455,NARUTO -ナルト- オリジナルサウンドトラック
AL2456,Cry Baby
AL2457,JoJo Pose
AL2458,MICROCOSM
AL2459,JOJO'S BIZARRE ADVENTURE -Golden Wind O.S.T vol.1 Overture
AL2460,残響散歌
AL2461,DIMENSION : ANSWER
AL2462,Ashes on The Fire (Attack on Titan The Final Season Original Soundtrack)
AL2463,wizard
AL2464,Bunny Girl Senpai Freestyle
AL2465,Contrast
AL2466,Make the change
AL2467,Shingeki no Kiseki
AL2468,One In A Billion
AL2469,BORDER : DAY ONE
AL2470,Dance In The Game
AL2471,DIMENSION : DILEMMA
AL2472,I Need The Light
AL2473,Editorial
AL2474,Naruto Bluebird Freestyle
AL2475,Bars No Jutsu
AL2476,MANIFESTO : DAY 1
AL2477,Devil
AL2478,J-Pop 輕旅行
AL2479,Enemy - Epic Version (from Arcane League of Legends)
AL2480,インフェルノ
AL2481,Shogeki
AL2482,MIGNONNE (Mastered by Bernie Grundman)
AL2483,ハジマリノウタ
AL2484,Anipps
AL2485,PURE
AL2486,One Last Kiss
AL2487,『劇場版 呪術廻戦 0』オリジナル・サウンドトラック
